product_id,product_name,category,total_orders,total_quantity,revenue,cost,gross_profit,profit_margin
P0001,Coffee Max 1,Grocery,226,691,54644.28,43871.590000000004,10772.689999999999,0.19714213454729387
P0002,Juice Smart 2,Grocery,185,546,7250.879999999999,5924.099999999999,1326.7799999999997,0.18298192771084335
P0003,Gym Bag Essential 3,Sports & Fitness,202,391,106164.31999999999,70325.26000000001,35839.05999999999,0.33758102533883316
P0004,Chair Max 4,Home & Kitchen,170,445,106835.6,90303.85,16531.750000000004,0.15474008663778743
P0005,Mixer Max 5,Home & Kitchen,182,466,31445.68,19292.399999999998,12153.280000000002,0.3864848844101957
P0006,Keyboard Plus 6,Electronics,182,599,73671.01,54910.33,18760.679999999993,0.2546548499878038
P0007,Power Bank Plus 7,Electronics,184,637,210503.02,155020.32,55482.699999999975,0.26357199055861513
P0008,Calculator Essential 8,Office Supplies,189,409,86998.39,72405.27,14593.12,0.16774011565041608
P0009,File Folder Essential 9,Office Supplies,153,334,98483.24,72484.68000000001,25998.56,0.2639896900223835
P0010,Green Tea Classic 10,Grocery,198,599,81266.32999999999,54359.25,26907.079999999994,0.33109751603154713
P0011,Juice Prime 11,Grocery,184,560,97854.40000000001,75560.8,22293.6,0.22782419594826597
P0012,Hair Dryer Essential 12,Personal Care,176,394,106872.5,67807.4,39065.100000000006,0.36552995391705073
P0013,Headphones Pro 13,Electronics,200,661,182594.64,133422.85,49171.79000000001,0.2692948161019404
P0014,Storage Box Elite 14,Home & Kitchen,192,507,82204.98,51065.04,31139.939999999995,0.37880843715307755
P0015,Storage Box Essential 15,Home & Kitchen,189,473,126787.65000000001,88455.73,38331.92000000001,0.3023316545420631
P0016,Gym Bag Smart 16,Sports & Fitness,185,415,63229.40000000001,38350.15,24879.250000000007,0.39347597794696776
P0017,Yoga Mat Pro 17,Sports & Fitness,189,397,107193.97,85628.93,21565.039999999997,0.20117773415799411
P0018,Juice Plus 18,Grocery,186,570,81595.5,55882.8,25712.7,0.3151239958085924
P0019,Gym Bag Pro 19,Sports & Fitness,210,434,91582.68000000001,74227.02,17355.660000000003,0.18950810349729885
P0020,T-Shirt Classic 20,Sports & Fitness,153,316,13363.64,9653.800000000001,3709.8399999999997,0.27760699929061244
P0021,Power Bank Prime 21,Electronics,174,554,87493.22,71133.6,16359.62,0.1869815741151143
P0022,Printer Paper Classic 22,Office Supplies,188,390,106973.1,74622.6,32350.500000000007,0.3024171497320355
P0023,Gym Bag Classic 23,Sports & Fitness,194,369,56257.740000000005,45641.61,10616.130000000003,0.18870523415977963
P0024,Notebook Essential 24,Office Supplies,196,392,140061.6,86189.04000000001,53872.560000000005,0.3846347607052897
P0025,Cooking Oil Plus 25,Grocery,168,467,163361.27,114209.52,49151.75,0.3008776192790372
P0026,Chair Prime 26,Home & Kitchen,205,535,58245.450000000004,36631.45,21614.000000000004,0.3710847800128594
P0027,Water Bottle Max 27,Home & Kitchen,160,401,60907.88999999999,40721.549999999996,20186.339999999997,0.33142405688327076
P0028,Face Wash Essential 28,Personal Care,164,386,30235.38,22581.0,7654.38,0.253159708923784
P0029,Gym Bag Essential 29,Sports & Fitness,187,392,2834.1600000000003,1873.76,960.4000000000001,0.338865836791148
P0030,Cookware Set Classic 30,Home & Kitchen,192,505,13372.4,10352.5,3019.9,0.2258308157099698
P0031,Body Lotion Prime 31,Personal Care,177,396,114725.15999999999,71941.31999999999,42783.84,0.37292464878671777
P0032,Sunscreen Elite 32,Personal Care,208,456,117196.56,92317.2,24879.360000000004,0.21228745963192097
P0033,Cereal Smart 33,Grocery,186,550,91190.0,57497.0,33693.0,0.36948130277442703
P0034,Coffee Smart 34,Grocery,202,598,170190.80000000002,109356.26000000001,60834.54000000001,0.35744905130007026
P0035,Storage Box Elite 35,Home & Kitchen,208,547,26064.55,20583.61,5480.939999999997,0.21028331584470084
P0036,Desk Lamp Plus 36,Home & Kitchen,172,461,11787.77,7145.5,4642.27,0.3938208838482597
P0037,Headphones Essential 37,Electronics,169,540,33523.2,23803.2,9720.0,0.28994845360824745
P0038,Shampoo Smart 38,Personal Care,169,372,1789.32,1313.1599999999999,476.1599999999999,0.26611226611226607
P0039,Trimmer Elite 39,Personal Care,179,391,21270.399999999998,16120.929999999998,5149.47,0.24209558823529415
P0040,Skipping Rope Classic 40,Sports & Fitness,205,407,10134.3,6967.84,3166.459999999999,0.31244979919678706
P0041,Yoga Mat Plus 41,Sports & Fitness,196,410,106001.40000000001,87444.8,18556.60000000001,0.17505995203836938
P0042,Biscuits Plus 42,Grocery,181,554,188941.7,130505.78,58435.92000000001,0.3092801641987979
P0043,Gym Bag Plus 43,Sports & Fitness,219,445,68957.2,47414.75,21542.450000000004,0.3124032008260197
P0044,Printer Paper Classic 44,Office Supplies,186,432,36564.48,26766.72,9797.76,0.2679584120982987
P0045,Biscuits Classic 45,Grocery,205,631,237603.05000000002,146688.57,90914.48000000001,0.3826317886070907
P0046,Face Wash Essential 46,Personal Care,185,419,66600.05,53611.05,12988.999999999995,0.1950298836111984
P0047,USB Hub Max 47,Electronics,178,561,37003.56,23539.56,13463.999999999996,0.36385688295936924
P0048,Stapler Max 48,Office Supplies,188,382,109427.71999999999,89059.48,20368.239999999994,0.18613418976471408
P0049,Cookware Set Plus 49,Home & Kitchen,217,541,126350.55,100831.58,25518.970000000012,0.20196959965746103
P0050,Skipping Rope Classic 50,Sports & Fitness,185,392,30877.84,20889.68,9988.16,0.3234734035800432
P0051,Running Shoes Pro 51,Sports & Fitness,202,424,15085.919999999998,10939.2,4146.719999999998,0.27487352445193924
P0052,USB Hub Prime 52,Electronics,192,602,125805.95999999999,96542.74,29263.219999999987,0.23260599100392373
P0053,Body Lotion Pro 53,Personal Care,212,533,26516.75,16325.789999999999,10190.960000000001,0.38432160804020105
P0054,Air Fryer Classic 54,Home & Kitchen,173,467,85713.18,68592.95999999999,17120.22,0.1997384766263485
P0055,USB Hub Pro 55,Electronics,165,535,153946.25,120391.05,33555.2,0.21796698523023456
P0056,Cereal Smart 56,Grocery,183,537,200392.29,130780.98,69611.31000000001,0.34737519093174696
P0057,Desk Lamp Pro 57,Home & Kitchen,186,448,34213.76,21190.399999999998,13023.360000000004,0.3806468508576667
P0058,Moisturizer Prime 58,Personal Care,173,416,101112.96,82151.68,18961.280000000006,0.18752571381551886
P0059,Bluetooth Speaker Essential 59,Electronics,213,681,194650.22999999998,139400.69999999998,55249.530000000006,0.2838400447818634
P0060,Cookware Set Essential 60,Home & Kitchen,185,463,61560.48,46957.46,14603.020000000002,0.23721419975932614
P0061,Stapler Smart 61,Office Supplies,162,382,102884.06,65260.88,37623.17999999999,0.3656852188764712
P0062,USB Hub Prime 62,Electronics,176,566,136089.04,82868.06,53220.979999999996,0.3910746963899517
P0063,USB Hub Classic 63,Electronics,183,611,111189.78,67692.69,43497.08999999999,0.3911968348170128
P0064,Moisturizer Pro 64,Personal Care,190,462,97140.12,82268.34,14871.779999999997,0.15309616665081324
P0065,Running Shoes Smart 65,Sports & Fitness,208,433,13102.58,8781.24,4321.34,0.3298083278255122
P0066,Skipping Rope Plus 66,Sports & Fitness,179,342,81683.28,61826.76,19856.52,0.243091609445654
P0067,Cereal Smart 67,Grocery,175,541,136548.4,94788.61,41759.79,0.30582408874801903
P0068,Hair Dryer Prime 68,Personal Care,170,365,74773.90000000001,56585.950000000004,18187.950000000004,0.24323928536561557
P0069,USB Hub Essential 69,Electronics,185,625,99118.75,68237.5,30881.249999999996,0.31155810580742793
P0070,Desk Organizer Elite 70,Office Supplies,181,369,89028.63,62685.72,26342.910000000007,0.29589256849173134
P0071,Rice Plus 71,Grocery,203,578,63042.45999999999,42251.799999999996,20790.659999999996,0.329788209406803
P0072,File Folder Essential 72,Office Supplies,187,425,92433.25,71901.5,20531.75,0.22212515517954848
P0073,Cookware Set Essential 73,Home & Kitchen,162,430,155230.0,105792.90000000001,49437.1,0.3184764542936288
P0074,Keyboard Essential 74,Electronics,207,724,177720.28,130631.32,47088.95999999999,0.264961095042164
P0075,Water Bottle Pro 75,Home & Kitchen,173,483,171030.30000000002,107945.67,63084.63000000001,0.36885060717311496
P0076,Bluetooth Speaker Prime 76,Electronics,176,615,186873.90000000002,123996.3,62877.600000000006,0.33647074310537745
P0077,Headphones Plus 77,Electronics,150,493,88828.74,57064.75,31763.99,0.3575868575868576
P0078,T-Shirt Elite 78,Sports & Fitness,173,353,82700.84,54478.490000000005,28222.35,0.34125832337374085
P0079,Shampoo Elite 79,Personal Care,191,403,70549.18000000001,46010.51,24538.670000000002,0.3478236033359991
P0080,Cooking Oil Elite 80,Grocery,176,537,110933.46,84743.97,26189.490000000005,0.2360828734630652
P0081,Green Tea Max 81,Grocery,201,655,90062.5,56297.25,33765.25,0.3749090909090909
P0082,Storage Box Smart 82,Home & Kitchen,170,445,117350.94999999998,77612.45,39738.49999999999,0.33862955519320465
P0083,Moisturizer Elite 83,Personal Care,190,428,57780.0,45239.6,12540.399999999998,0.217037037037037
P0084,Sunscreen Smart 84,Personal Care,181,419,82161.71,50619.39,31542.32,0.3839053495843745
P0085,Body Lotion Essential 85,Personal Care,196,434,70173.45999999999,53638.06,16535.399999999998,0.23563609375966355
P0086,USB Hub Smart 86,Electronics,187,599,171583.55,108940.13,62643.41999999999,0.3650898935241752
P0087,Fitness Band Pro 87,Sports & Fitness,178,372,12201.599999999999,8831.279999999999,3370.3199999999997,0.276219512195122
P0088,Face Wash Max 88,Personal Care,205,451,55766.15,43584.64,12181.510000000002,0.21843914274160942
P0089,Pen Set Smart 89,Office Supplies,175,396,31513.68,25862.760000000002,5650.919999999999,0.17931641115858252
P0090,Cereal Essential 90,Grocery,203,634,160465.4,103716.06,56749.34,0.3536546819438957
P0091,Bluetooth Speaker Essential 91,Electronics,190,653,202136.15000000002,137319.37,64816.780000000006,0.32065902115974804
P0092,Water Bottle Plus 92,Home & Kitchen,180,472,86135.28,67165.6,18969.68,0.22023124554770124
P0093,Printer Paper Plus 93,Office Supplies,172,350,85837.5,68288.5,17548.999999999996,0.2044444444444444
P0094,USB Hub Smart 94,Electronics,181,648,99195.84000000001,65428.56,33767.280000000006,0.3404102430101908
P0095,Yoga Mat Max 95,Sports & Fitness,178,351,109329.48000000001,74770.02,34559.46,0.316103762681392
P0096,Running Shoes Smart 96,Sports & Fitness,190,351,70810.74,58406.4,12404.34,0.17517596906909882
P0097,File Folder Smart 97,Office Supplies,178,369,93523.04999999999,76058.28,17464.769999999993,0.18674294732688887
P0098,Rice Prime 98,Grocery,210,655,110439.55,72423.34999999999,38016.20000000001,0.34422632109602047
P0099,Desk Organizer Smart 99,Office Supplies,166,366,110473.43999999999,75747.36,34726.079999999994,0.3143387225019878
P0100,Mixer Elite 100,Home & Kitchen,179,476,42087.92,30097.48,11990.440000000002,0.2848902963130514
P0101,Cereal Pro 101,Grocery,182,567,94524.57,70926.03,23598.54,0.24965508967668407
P0102,Air Fryer Max 102,Home & Kitchen,181,490,67987.5,42659.4,25328.1,0.37254054054054053
P0103,Calculator Essential 103,Office Supplies,201,423,15511.41,10215.449999999999,5295.960000000002,0.3414235069539134
P0104,Skipping Rope Elite 104,Sports & Fitness,192,414,94926.06,67291.56,27634.5,0.29111605390553447
P0105,USB Hub Essential 105,Electronics,207,667,88831.06000000001,68627.63,20203.430000000004,0.2274365520348401
P0106,Fitness Band Classic 106,Sports & Fitness,179,374,61882.04,40429.399999999994,21452.640000000007,0.34666989000362636
P0107,Pen Set Max 107,Office Supplies,179,375,30191.250000000004,24412.499999999996,5778.750000000005,0.19140479443547398
P0108,Stapler Prime 108,Office Supplies,171,364,27966.12,18312.84,9653.279999999999,0.34517766497461927
P0109,Coffee Essential 109,Grocery,162,491,50474.799999999996,37399.47,13075.329999999998,0.25904669260700386
P0110,USB Hub Pro 110,Electronics,199,641,224914.08,156179.65,68734.43,0.3056030551755586
P0111,Cookware Set Pro 111,Home & Kitchen,197,517,104847.6,74856.43,29991.17000000001,0.2860453648915188
P0112,Notebook Max 112,Office Supplies,177,364,120367.52,85700.16,34667.36,0.28801258013789766
P0113,Keyboard Plus 113,Electronics,179,615,134475.9,89494.8,44981.09999999999,0.3344919052410134
P0114,Cookware Set Essential 114,Home & Kitchen,169,424,21055.84,13678.24,7377.599999999999,0.3503826016915022
P0115,T-Shirt Smart 115,Sports & Fitness,177,358,56789.54,40912.24,15877.299999999997,0.27958141587341606
P0116,Running Shoes Pro 116,Sports & Fitness,176,362,84943.3,55595.96000000001,29347.34,0.34549328787555933
P0117,Mixer Plus 117,Home & Kitchen,199,530,27946.899999999998,22148.7,5798.199999999999,0.20747202730893227
P0118,Desk Lamp Elite 118,Home & Kitchen,183,452,109713.95999999999,78318.04000000001,31395.919999999987,0.28616157870885334
P0119,Water Bottle Max 119,Home & Kitchen,173,441,108543.33,77898.23999999999,30645.090000000004,0.2823304757648398
P0120,Air Fryer Essential 120,Home & Kitchen,194,510,79101.0,55085.100000000006,24015.89999999999,0.30361057382333967
P0121,Air Fryer Prime 121,Home & Kitchen,170,401,10409.960000000001,8276.64,2133.3199999999997,0.20493066255778117
P0122,Fitness Band Plus 122,Sports & Fitness,210,420,65990.40000000001,49883.4,16107.000000000004,0.2440809572301426
P0123,Desk Organizer Plus 123,Office Supplies,181,412,99230.2,62096.64,37133.56,0.37421631720988163
P0124,Notebook Plus 124,Office Supplies,203,444,39573.72,26435.76,13137.959999999997,0.33198698530236725
P0125,T-Shirt Max 125,Sports & Fitness,196,392,87655.12000000001,56969.36,30685.760000000002,0.3500737891865301
P0126,Moisturizer Prime 126,Personal Care,177,414,142904.52,103189.5,39715.020000000004,0.2779129729416537
P0127,Trimmer Classic 127,Personal Care,184,423,58471.28999999999,43932.78,14538.509999999997,0.24864356507270488
P0128,Desk Lamp Elite 128,Home & Kitchen,170,473,56996.5,35091.869999999995,21904.63,0.38431535269709544
P0129,Fitness Band Plus 129,Sports & Fitness,195,410,44062.7,33082.9,10979.8,0.24918581929840886
P0130,Hair Dryer Elite 130,Personal Care,186,464,61828.0,48752.479999999996,13075.520000000004,0.2114821763602252
P0131,Skipping Rope Elite 131,Sports & Fitness,190,408,99266.40000000001,77813.76,21452.640000000007,0.2161117961364571
P0132,Desk Lamp Elite 132,Home & Kitchen,191,477,25767.54,15736.230000000001,10031.310000000001,0.3893002591632729
P0133,Mixer Pro 133,Home & Kitchen,184,494,84281.34000000001,68868.54,15412.800000000008,0.18287321962370326
P0134,Wireless Mouse Prime 134,Electronics,193,626,119735.02,78938.59999999999,40796.42000000001,0.34072253881946996
P0135,Biscuits Elite 135,Grocery,194,560,177699.19999999998,137267.2,40431.99999999999,0.22753056851128198
P0136,Storage Box Prime 136,Home & Kitchen,184,527,149383.41999999998,114048.06999999999,35335.34999999999,0.23654131094334294
P0137,Sunscreen Max 137,Personal Care,195,445,120167.80000000002,91527.6,28640.200000000008,0.2383350614723745
P0138,T-Shirt Prime 138,Sports & Fitness,199,402,64114.98,45546.6,18568.380000000005,0.2896106338955421
P0139,Fitness Band Classic 139,Sports & Fitness,197,396,141526.44,86244.84,55281.6,0.39060969808892243
P0140,Dumbbells Smart 140,Sports & Fitness,177,341,7188.28,4698.98,2489.2999999999997,0.3462998102466793
P0141,Hair Dryer Prime 141,Personal Care,198,480,72043.2,60168.0,11875.200000000004,0.16483443267372916
P0142,T-Shirt Plus 142,Sports & Fitness,182,369,112043.15999999999,80785.17,31257.989999999994,0.27898168884204977
P0143,Hair Dryer Prime 143,Personal Care,189,432,67007.52,45040.32,21967.2,0.3278318612597511
P0144,Headphones Max 144,Electronics,172,590,76941.9,51105.8,25836.099999999995,0.33578713288858214
P0145,Headphones Smart 145,Electronics,184,625,219962.5,149168.75,70793.75,0.32184463260783086
P0146,Body Lotion Plus 146,Personal Care,181,399,36544.41,24335.010000000002,12209.4,0.33409760890926954
P0147,Desk Lamp Plus 147,Home & Kitchen,192,496,142986.87999999998,94641.76000000001,48345.11999999998,0.33810878312751486
P0148,Hair Dryer Max 148,Personal Care,196,444,120657.0,100410.6,20246.399999999998,0.16780128794848204
P0149,USB Hub Classic 149,Electronics,194,628,88937.36,68690.64,20246.720000000005,0.22765146165795797
P0150,Dumbbells Prime 150,Sports & Fitness,199,404,14455.12,9094.04,5361.08,0.37087758524315256
P0151,Biscuits Prime 151,Grocery,206,625,55818.75,37718.75,18100.0,0.324263800246333
P0152,File Folder Elite 152,Office Supplies,199,415,140294.9,93624.0,46670.90000000001,0.33266284091581383
P0153,USB Hub Max 153,Electronics,183,579,128445.36,93114.78,35330.58000000001,0.2750631085467004
P0154,Shampoo Smart 154,Personal Care,183,438,115176.48,93631.26000000001,21545.219999999983,0.18706267112868863
P0155,Gym Bag Max 155,Sports & Fitness,172,339,110954.70000000001,84136.41,26818.290000000008,0.24170485792850602
P0156,Cereal Pro 156,Grocery,207,605,129772.5,86381.90000000001,43390.6,0.3343589743589743
P0157,Headphones Max 157,Electronics,175,570,142893.3,110927.70000000001,31965.59999999999,0.22370258087678005
P0158,Stapler Essential 158,Office Supplies,200,443,103799.33,69267.48000000001,34531.85,0.3326789296231488
P0159,Rice Plus 159,Grocery,197,602,201995.08000000002,136136.28,65858.80000000003,0.32604160457769576
P0160,Body Lotion Classic 160,Personal Care,179,426,95756.28,78337.14,17419.140000000007,0.18191120206424066
P0161,Printer Paper Essential 161,Office Supplies,177,344,17574.960000000003,12260.16,5314.800000000001,0.3024075161479742
P0162,T-Shirt Prime 162,Sports & Fitness,189,378,39387.6,25125.66,14261.940000000002,0.36209213051823425
P0163,File Folder Plus 163,Office Supplies,194,397,57263.280000000006,47115.96000000001,10147.32,0.17720465890183026
P0164,Air Fryer Classic 164,Home & Kitchen,201,526,18173.3,13307.800000000001,4865.499999999998,0.2677279305354558
P0165,Fitness Band Classic 165,Sports & Fitness,193,398,100737.78,67337.62,33400.16,0.33155545019951804
P0166,Face Wash Essential 166,Personal Care,194,403,70819.19,48138.35,22680.839999999993,0.32026404142718934
P0167,Stapler Plus 167,Office Supplies,192,383,85650.29,61257.02,24393.27,0.28480078701426464
P0168,Notebook Prime 168,Office Supplies,207,437,7429.0,6205.4,1223.6000000000004,0.16470588235294123
P0169,Bluetooth Speaker Prime 169,Electronics,175,586,78570.88,58014.0,20556.880000000005,0.2616348448687351
P0170,Juice Prime 170,Grocery,198,587,193621.95,130137.9,63484.050000000025,0.3278763074124603
P0171,Moisturizer Pro 171,Personal Care,208,464,103216.79999999999,80504.0,22712.799999999992,0.22004944931445264
P0172,Cookware Set Classic 172,Home & Kitchen,185,478,107745.98,65715.43999999999,42030.54000000001,0.3900891708442395
P0173,USB Hub Essential 173,Electronics,199,673,264987.02,162966.95,102020.07,0.3850002539747041
P0174,Hair Dryer Essential 174,Personal Care,222,497,117242.3,80265.5,36976.8,0.31538787621873676
P0175,Bluetooth Speaker Prime 175,Electronics,201,699,176113.05,137968.62,38144.42999999999,0.2165905933717007
P0176,Gym Bag Essential 176,Sports & Fitness,173,361,94881.62999999999,73579.02,21302.609999999997,0.22451774911539776
P0177,Mixer Prime 177,Home & Kitchen,192,486,172073.16,120003.12,52070.04000000001,0.3026040784047902
P0178,Water Bottle Pro 178,Home & Kitchen,184,517,24790.15,18384.52,6405.630000000001,0.25839416058394166
P0179,Cookware Set Prime 179,Home & Kitchen,180,460,39086.2,31533.0,7553.200000000002,0.19324467459103217
P0180,Skipping Rope Plus 180,Sports & Fitness,181,356,66376.2,42944.28,23431.919999999995,0.3530168946098149
P0181,Fitness Band Essential 181,Sports & Fitness,201,436,123784.76000000001,103122.72,20662.040000000005,0.1669190940791096
P0182,Biscuits Pro 182,Grocery,201,596,15090.720000000001,10739.92,4350.8,0.2883096366508689
P0183,Trimmer Elite 183,Personal Care,173,364,9376.640000000001,7698.599999999999,1678.0400000000009,0.17895962732919263
P0184,Storage Box Max 184,Home & Kitchen,216,562,128563.12,88352.02,40211.09999999999,0.3127732121000174
P0185,Calculator Max 185,Office Supplies,175,358,60333.74,41195.06,19138.680000000004,0.31721355248323746
P0186,Cooking Oil Essential 186,Grocery,177,539,94044.71999999999,58874.97,35169.74999999999,0.37396836313617604
P0187,Desk Organizer Smart 187,Office Supplies,177,375,91162.5,68703.75,22458.749999999996,0.24635952283011103
P0188,Cereal Prime 188,Grocery,177,507,122795.4,87528.48,35266.92,0.28720066061106525
P0189,Keyboard Plus 189,Electronics,194,648,164131.92,121117.68,43014.24,0.2620711437482727
P0190,Gym Bag Classic 190,Sports & Fitness,227,426,98555.09999999999,71776.74,26778.359999999993,0.27170953101361567
P0191,Cooking Oil Pro 191,Grocery,179,520,184147.6,125938.8,58208.799999999996,0.3160986078558721
P0192,Bluetooth Speaker Elite 192,Electronics,204,695,49949.65,40581.05,9368.600000000002,0.18756087379991657
P0193,Yoga Mat Max 193,Sports & Fitness,198,392,88513.6,56761.600000000006,31752.000000000004,0.3587245349867139
P0194,Gym Bag Max 194,Sports & Fitness,177,351,4661.28,3562.65,1098.6299999999994,0.23569277108433723
P0195,Pen Set Pro 195,Office Supplies,183,338,20154.940000000002,16159.78,3995.1600000000003,0.1982223712896193
P0196,Shampoo Pro 196,Personal Care,179,426,15625.68,10931.16,4694.5199999999995,0.30043620501635765
P0197,Moisturizer Prime 197,Personal Care,196,497,71274.77,46916.8,24357.969999999994,0.3417474374171953
P0198,Yoga Mat Prime 198,Sports & Fitness,195,382,23523.56,15998.160000000002,7525.399999999999,0.319909061383566
P0199,Keyboard Smart 199,Electronics,198,695,118594.79999999999,85457.2,33137.6,0.27941865916549463
P0200,Mixer Smart 200,Home & Kitchen,179,454,20679.699999999997,13797.06,6882.639999999998,0.33282107574094394
P0201,Face Wash Essential 201,Personal Care,176,375,55158.75,37736.25,17422.500000000004,0.31586103746005856
P0202,Storage Box Prime 202,Home & Kitchen,191,493,124408.54999999999,94532.75,29875.799999999996,0.2401426590053497
P0203,Webcam Smart 203,Electronics,191,687,43308.479999999996,31876.8,11431.68,0.2639593908629442
P0204,Cookware Set Smart 204,Home & Kitchen,185,482,124842.81999999999,104044.52,20798.29999999999,0.1665958843287903
P0205,Sunscreen Classic 205,Personal Care,188,466,98083.68,67667.86,30415.81999999999,0.31010072215887485
P0206,Cereal Plus 206,Grocery,195,579,97492.01999999999,59660.16,37831.85999999999,0.38805083739161417
P0207,T-Shirt Classic 207,Sports & Fitness,166,338,13202.28,8372.26,4830.02,0.365847414234511
P0208,Body Lotion Plus 208,Personal Care,187,436,58240.880000000005,43927.0,14313.880000000005,0.24577032489893702
P0209,Air Fryer Prime 209,Home & Kitchen,176,478,15448.960000000001,10453.86,4995.1,0.32332920792079206
P0210,T-Shirt Classic 210,Sports & Fitness,222,448,65533.44,40194.56,25338.88,0.3866557287394039
P0211,Cookware Set Prime 211,Home & Kitchen,186,473,39514.420000000006,31322.06,8192.360000000002,0.20732583193679677
P0212,Green Tea Elite 212,Grocery,178,521,88533.53,61269.6,27263.930000000008,0.3079503324898489
P0213,Sunscreen Classic 213,Personal Care,176,412,20122.08,16599.48,3522.6000000000017,0.17506142506142514
P0214,Cooking Oil Max 214,Grocery,185,580,116330.59999999999,86466.40000000001,29864.19999999999,0.2567183526948197
P0215,Desk Organizer Pro 215,Office Supplies,183,365,9774.7,6223.25,3551.45,0.3633308439133681
P0216,Juice Smart 216,Grocery,176,527,89041.92,61811.83,27230.09,0.30581202651515155
P0217,Biscuits Essential 217,Grocery,160,520,60153.600000000006,42858.4,17295.200000000004,0.2875172890733057
P0218,Wireless Mouse Classic 218,Electronics,188,633,189646.80000000002,155496.45,34150.35000000001,0.1800734312416556
P0219,Storage Box Elite 219,Home & Kitchen,185,470,166097.99999999997,116451.90000000001,49646.09999999998,0.29889643463497445
P0220,Mixer Max 220,Home & Kitchen,187,472,71923.36,46581.68,25341.68,0.3523428271426696
P0221,T-Shirt Classic 221,Sports & Fitness,181,357,8428.77,6882.96,1545.8099999999995,0.18339686573485803
P0222,Moisturizer Prime 222,Personal Care,197,436,54094.52,37208.24,16886.279999999995,0.3121624889175465
P0223,Stapler Smart 223,Office Supplies,204,427,22515.71,14880.95,7634.759999999998,0.3390859093495163
P0224,Stapler Classic 224,Office Supplies,213,428,130437.28,87252.08,43185.19999999999,0.331080194251214
P0225,Rice Smart 225,Grocery,181,557,85137.45,71630.2,13507.25,0.15865227347072294
P0226,Mixer Elite 226,Home & Kitchen,171,439,36529.189999999995,22138.77,14390.419999999998,0.3939430356928254
P0227,Headphones Plus 227,Electronics,179,598,110085.82,76783.20000000001,33302.619999999995,0.30251507414851425
P0228,Skipping Rope Classic 228,Sports & Fitness,164,329,106178.17000000001,72205.63,33972.54000000001,0.31995785951104644
P0229,Shampoo Prime 229,Personal Care,184,435,139787.25,90627.9,49159.350000000006,0.3516726310875992
P0230,Cookware Set Smart 230,Home & Kitchen,206,531,74955.96,49372.380000000005,25583.579999999998,0.34131482006234054
P0231,T-Shirt Elite 231,Sports & Fitness,193,426,33475.08,25900.8,7574.280000000001,0.22626622550267245
P0232,Moisturizer Elite 232,Personal Care,202,492,75566.28,57578.76,17987.52,0.2380363304902663
P0233,Dumbbells Essential 233,Sports & Fitness,190,405,101306.7,81368.55,19938.149999999994,0.196809786519549
P0234,Headphones Classic 234,Electronics,200,661,113632.51,92520.17,21112.34,0.18579489267640045
P0235,Running Shoes Plus 235,Sports & Fitness,190,369,92438.19,70659.81,21778.379999999994,0.23559937727036837
P0236,Cookware Set Essential 236,Home & Kitchen,188,508,165963.6,104002.84,61960.76,0.373339455157637
P0237,Trimmer Classic 237,Personal Care,201,478,48225.42,29272.72,18952.7,0.3930022797105759
P0238,Mixer Plus 238,Home & Kitchen,196,508,158683.96,106822.24,51861.72,0.32682395876684706
P0239,Cookware Set Max 239,Home & Kitchen,188,490,157735.90000000002,112504.0,45231.900000000016,0.2867571681525893
P0240,Desk Lamp Pro 240,Home & Kitchen,172,459,123741.81,104078.25,19663.55999999999,0.15890797136392293
P0241,Cookware Set Max 241,Home & Kitchen,180,503,38399.020000000004,31035.100000000002,7363.92,0.19177364422321191
P0242,Face Wash Plus 242,Personal Care,212,466,138238.9,97701.56,40537.33999999999,0.29324119332546766
P0243,Webcam Prime 243,Electronics,204,665,58839.200000000004,49835.1,9004.100000000004,0.1530289330922243
P0244,Storage Box Plus 244,Home & Kitchen,196,530,94626.2,70119.0,24507.199999999993,0.25898958216646123
P0245,Fitness Band Elite 245,Sports & Fitness,206,423,7922.79,5816.25,2106.54,0.26588360918312864
P0246,Pen Set Plus 246,Office Supplies,208,447,60081.27,39411.99,20669.28,0.34402202217096944
P0247,Bluetooth Speaker Pro 247,Electronics,175,520,62686.0,46810.4,15875.6,0.253255910410618
P0248,Water Bottle Elite 248,Home & Kitchen,185,486,120688.38,77293.44,43394.94000000001,0.35956187331373585
P0249,Coffee Max 249,Grocery,190,572,46858.24,30195.88,16662.36,0.35559082031250006
P0250,USB Hub Smart 250,Electronics,180,644,228587.8,159267.64,69320.15999999999,0.303253979433723
P0251,USB Hub Classic 251,Electronics,182,569,147752.23,122875.54999999999,24876.680000000015,0.16836754342049534
P0252,Notebook Classic 252,Office Supplies,169,365,55388.75,40489.450000000004,14899.299999999997,0.268995057660626
P0253,Shampoo Elite 253,Personal Care,180,440,103523.2,76533.59999999999,26989.600000000006,0.26071064263855837
P0254,T-Shirt Plus 254,Sports & Fitness,211,445,98892.34999999999,81252.55,17639.799999999992,0.1783737569185078
P0255,Mixer Plus 255,Home & Kitchen,182,473,16063.08,10774.94,5288.139999999999,0.32921083627797404
P0256,Shampoo Elite 256,Personal Care,183,429,46241.91,38537.07,7704.840000000003,0.16662028017441327
P0257,Pen Set Pro 257,Office Supplies,190,427,13608.49,9197.58,4410.91,0.32412927518042045
P0258,Yoga Mat Prime 258,Sports & Fitness,191,404,128734.59999999999,85898.48,42836.11999999999,0.33274752863643486
P0259,Wireless Mouse Essential 259,Electronics,180,615,162403.05,120103.34999999999,42299.700000000004,0.2604612413375242
P0260,Gym Bag Prime 260,Sports & Fitness,193,388,107708.8,66243.23999999999,41465.56000000001,0.3849783861671471
P0261,Body Lotion Prime 261,Personal Care,202,470,85958.29999999999,62876.6,23081.699999999993,0.2685220624419049
P0262,Notebook Pro 262,Office Supplies,170,365,95367.2,67419.15000000001,27948.04999999999,0.293057256582976
P0263,Running Shoes Max 263,Sports & Fitness,177,368,83381.44,65099.200000000004,18282.24,0.21926030541089242
P0264,Printer Paper Plus 264,Office Supplies,172,340,15082.4,12416.800000000001,2665.5999999999985,0.17673579801623074
P0265,Coffee Classic 265,Grocery,175,523,132946.6,87843.08,45103.51999999999,0.33926042486231306
P0266,Running Shoes Prime 266,Sports & Fitness,171,350,101129.0,62587.0,38542.0,0.3811171869592303
P0267,Chair Essential 267,Home & Kitchen,178,443,18619.29,14610.14,4009.1500000000015,0.21532238876992632
P0268,Cookware Set Classic 268,Home & Kitchen,198,506,95765.56,70759.04,25006.519999999997,0.26112226566627916
P0269,Gym Bag Plus 269,Sports & Fitness,216,420,11046.0,8080.799999999999,2965.2000000000007,0.2684410646387833
P0270,Juice Smart 270,Grocery,191,597,180526.83,115209.06,65317.77,0.36181752042064885
P0271,Water Bottle Plus 271,Home & Kitchen,209,582,99620.93999999999,66429.48,33191.45999999999,0.3331775427937138
P0272,Air Fryer Prime 272,Home & Kitchen,193,496,87623.36,54490.56,33132.8,0.3781274765085475
P0273,USB Hub Prime 273,Electronics,192,642,44715.3,27612.42,17102.880000000005,0.38248384781048106
P0274,File Folder Plus 274,Office Supplies,204,446,42793.700000000004,28945.4,13848.3,0.32360604481500777
P0275,Stapler Max 275,Office Supplies,185,396,75006.36,61284.96,13721.400000000003,0.18293648698590365
P0276,Storage Box Classic 276,Home & Kitchen,184,499,152204.97999999998,105338.9,46866.079999999994,0.30791423513212246
P0277,Wireless Mouse Max 277,Electronics,197,654,165056.52,107144.82,57911.69999999999,0.35085981456533794
P0278,Fitness Band Max 278,Sports & Fitness,158,305,65138.85,49272.75,15866.099999999997,0.2435735356089338
P0279,Cereal Elite 279,Grocery,169,491,12471.4,10320.82,2150.579999999999,0.17244094488188969
P0280,Trimmer Essential 280,Personal Care,191,444,48205.079999999994,38641.32,9563.759999999995,0.19839734733351747
P0281,Rice Classic 281,Grocery,207,639,193501.98,155864.88,37637.100000000006,0.19450498646060368
P0282,Running Shoes Essential 282,Sports & Fitness,175,347,53562.920000000006,41022.34,12540.580000000005,0.23412801243845563
P0283,Cookware Set Max 283,Home & Kitchen,208,545,204451.3,128897.95,75553.35,0.3695420376392814
P0284,Air Fryer Classic 284,Home & Kitchen,180,477,169277.75999999998,111446.28,57831.48,0.34163660955816055
P0285,Chair Elite 285,Home & Kitchen,170,442,73902.4,55775.979999999996,18126.419999999995,0.24527511961722484
P0286,Power Bank Elite 286,Electronics,186,646,200092.04,156183.42,43908.619999999995,0.21944211273971714
P0287,USB Hub Elite 287,Electronics,190,626,148581.1,94269.34,54311.759999999995,0.36553612808089314
P0288,Body Lotion Pro 288,Personal Care,170,421,123538.23999999999,89357.25,34180.99,0.2766834787350055
P0289,File Folder Smart 289,Office Supplies,177,405,51750.9,37822.950000000004,13927.95,0.26913444983565504
P0290,Running Shoes Max 290,Sports & Fitness,185,360,10792.8,7617.6,3175.2,0.2941961307538359
P0291,T-Shirt Plus 291,Sports & Fitness,180,348,14831.759999999998,12103.44,2728.3199999999983,0.18395119662130446
P0292,File Folder Prime 292,Office Supplies,197,400,29616.000000000004,20868.0,8748.000000000002,0.2953808752025932
P0293,Wireless Mouse Prime 293,Electronics,189,617,172303.41999999998,110603.42,61700.0,0.35808923583757074
P0294,Body Lotion Prime 294,Personal Care,209,477,58833.18,40072.770000000004,18760.409999999996,0.3188746554240311
P0295,Body Lotion Classic 295,Personal Care,192,450,81963.0,57739.5,24223.499999999993,0.29554189085318977
P0296,Biscuits Pro 296,Grocery,184,535,75253.1,50279.3,24973.8,0.3318640693871747
P0297,T-Shirt Pro 297,Sports & Fitness,176,367,72038.43,55211.48,16826.949999999997,0.23358296398186354
P0298,Skipping Rope Pro 298,Sports & Fitness,211,443,82132.2,65178.59,16953.610000000004,0.20641855447680696
P0299,Green Tea Essential 299,Grocery,174,488,8569.279999999999,5270.400000000001,3298.8799999999987,0.3849658314350796
P0300,Desk Lamp Classic 300,Home & Kitchen,206,551,80589.26,58648.44,21940.819999999996,0.2722548885546287
P0301,Sunscreen Pro 301,Personal Care,179,402,101496.95999999999,71286.66,30210.29999999999,0.29764733840304175
P0302,Calculator Smart 302,Office Supplies,179,375,38077.5,30187.5,7890.000000000002,0.20720898168209578
P0303,Stapler Max 303,Office Supplies,176,370,72238.8,56865.3,15373.500000000004,0.2128149969268593
P0304,Printer Paper Max 304,Office Supplies,174,326,95325.66,63074.479999999996,32251.18000000001,0.33832632262918516
P0305,Cereal Elite 305,Grocery,192,550,79376.0,49032.50000000001,30343.499999999993,0.3822754988913525
P0306,Cereal Plus 306,Grocery,177,543,112737.66,78544.95000000001,34192.71,0.30329448030054906
P0307,Sunscreen Prime 307,Personal Care,202,481,47282.299999999996,35949.939999999995,11332.36,0.23967446592065111
P0308,Keyboard Max 308,Electronics,170,555,133322.1,104112.45,29209.649999999994,0.21909083340271412
P0309,Gym Bag Max 309,Sports & Fitness,187,393,21312.39,14505.63,6806.76,0.31938041674349993
P0310,Cookware Set Essential 310,Home & Kitchen,176,449,86850.07,72095.93,14754.140000000003,0.16988057695290287
P0311,Notebook Prime 311,Office Supplies,178,351,2162.16,1502.28,659.88,0.30519480519480524
P0312,Trimmer Essential 312,Personal Care,183,444,110764.68,84231.24,26533.439999999995,0.23954784142381846
P0313,Cooking Oil Plus 313,Grocery,233,727,153811.38999999998,119315.24,34496.149999999994,0.22427565344803138
P0314,Green Tea Smart 314,Grocery,166,497,138628.21,109792.27,28835.940000000002,0.2080091779299466
P0315,Shampoo Max 315,Personal Care,170,388,100895.52,85189.28,15706.240000000007,0.15566835871404405
P0316,Running Shoes Max 316,Sports & Fitness,207,416,71007.04,47931.52,23075.519999999997,0.3249751010604019
P0317,Sunscreen Elite 317,Personal Care,176,415,45575.299999999996,29211.850000000002,16363.449999999995,0.3590420688399198
P0318,Water Bottle Max 318,Home & Kitchen,198,547,117150.98999999999,98728.03,18422.95999999999,0.15725825278983976
P0319,Printer Paper Smart 319,Office Supplies,190,410,120859.79999999999,84980.70000000001,35879.099999999984,0.29686545898636263
P0320,Shampoo Prime 320,Personal Care,197,469,91872.40999999999,56716.170000000006,35156.23999999999,0.38266373985399965
P0321,Printer Paper Elite 321,Office Supplies,204,398,122607.88,75293.64,47314.24,0.38589885087320647
P0322,Running Shoes Classic 322,Sports & Fitness,183,395,83159.35,68773.45000000001,14385.899999999998,0.17299197264047875
P0323,Shampoo Smart 323,Personal Care,194,480,133598.4,82780.8,50817.59999999999,0.3803758128839866
P0324,Rice Plus 324,Grocery,196,573,149421.21,92115.48,57305.729999999996,0.38351804271963796
P0325,Dumbbells Prime 325,Sports & Fitness,199,373,62966.13,45174.03,17792.100000000002,0.28256619868491206
P0326,Stapler Elite 326,Office Supplies,188,391,115708.63,74317.37,41391.26,0.35771973101747034
P0327,Water Bottle Plus 327,Home & Kitchen,170,452,85730.84,60025.600000000006,25705.23999999999,0.2998365582327199
P0328,Wireless Mouse Essential 328,Electronics,195,668,120667.51999999999,96499.28,24168.239999999987,0.20028786536758184
P0329,Yoga Mat Essential 329,Sports & Fitness,201,411,104340.57,74012.88,30327.69,0.290660574309686
P0330,T-Shirt Pro 330,Sports & Fitness,183,357,58348.08,41055.0,17293.079999999998,0.2963778756730298
P0331,Gym Bag Elite 331,Sports & Fitness,187,380,85165.6,64284.6,20881.000000000004,0.2451811529537748
P0332,Sunscreen Pro 332,Personal Care,189,436,118500.44000000002,81623.56,36876.88000000001,0.31119614408182794
P0333,Hair Dryer Plus 333,Personal Care,205,460,75964.4,62868.2,13096.199999999999,0.17239917645634006
P0334,Wireless Mouse Max 334,Electronics,190,605,96975.45,62913.95,34061.5,0.35123838043546074
P0335,Cereal Smart 335,Grocery,204,631,115674.92,71801.49,43873.42999999999,0.3792821296094261
P0336,Hair Dryer Prime 336,Personal Care,177,419,92552.90999999999,68891.98,23660.929999999997,0.25564760740640136
P0337,Gym Bag Prime 337,Sports & Fitness,179,337,79130.97,61596.86,17534.11,0.2215834078616754
P0338,Keyboard Smart 338,Electronics,195,666,140252.94,89503.73999999999,50749.20000000001,0.3618405432356713
P0339,Shampoo Max 339,Personal Care,172,396,31224.6,19621.8,11602.8,0.37159162967660114
P0340,Headphones Smart 340,Electronics,195,664,166617.52,102846.95999999999,63770.56000000001,0.38273622125692436
P0341,Bluetooth Speaker Plus 341,Electronics,174,603,20134.170000000002,16835.760000000002,3298.409999999999,0.1638215034441449
P0342,Green Tea Pro 342,Grocery,189,558,73689.48,57116.88,16572.600000000002,0.2248977737392095
P0343,Power Bank Max 343,Electronics,191,611,59878.0,37173.240000000005,22704.76,0.37918367346938775
P0344,Printer Paper Max 344,Office Supplies,175,366,131979.6,80315.04,51664.56000000001,0.3914586799778148
P0345,Mixer Max 345,Home & Kitchen,189,461,13534.96,8325.66,5209.300000000001,0.3848773841961854
P0346,Rice Smart 346,Grocery,173,530,89384.5,74359.0,15025.499999999998,0.16809961458642156
P0347,Cooking Oil Classic 347,Grocery,206,623,149563.61,109018.77,40544.84,0.27108759945016037
P0348,Sunscreen Elite 348,Personal Care,180,421,33848.4,26320.920000000002,7527.480000000001,0.22238805970149256
P0349,Cooking Oil Elite 349,Grocery,203,603,199387.98,138050.82,61337.16000000002,0.30762716990261907
P0350,Fitness Band Essential 350,Sports & Fitness,174,402,35416.2,26523.960000000003,8892.239999999996,0.25107832009080583
P0351,Face Wash Essential 351,Personal Care,203,483,10312.050000000001,7597.59,2714.460000000001,0.2632318501170961
P0352,T-Shirt Plus 352,Sports & Fitness,201,410,31200.999999999996,20286.8,10914.199999999999,0.34980289093298295
P0353,Biscuits Essential 353,Grocery,190,518,150753.53999999998,112799.68,37953.85999999999,0.25176098683984466
P0354,Water Bottle Plus 354,Home & Kitchen,186,477,137228.13,89427.95999999999,47800.170000000006,0.348326323473183
P0355,Biscuits Essential 355,Grocery,179,557,119888.68000000001,77623.52,42265.159999999996,0.35253670321501573
P0356,Moisturizer Max 356,Personal Care,180,427,62538.420000000006,39211.409999999996,23327.010000000002,0.3730028676771815
P0357,Headphones Classic 357,Electronics,170,588,182221.19999999998,134557.92,47663.279999999984,0.261568247821878
P0358,Webcam Prime 358,Electronics,177,545,5499.05,3820.45,1678.6,0.3052527254707631
P0359,Running Shoes Prime 359,Sports & Fitness,193,377,24991.33,19400.420000000002,5590.910000000002,0.2237139840096546
P0360,Chair Classic 360,Home & Kitchen,201,521,54309.03999999999,34677.76,19631.279999999995,0.36147352264006133
P0361,Biscuits Prime 361,Grocery,184,559,138386.04,102850.41,35535.63,0.2567862336403296
P0362,Green Tea Pro 362,Grocery,183,543,113193.78,71898.63,41295.15,0.3648181905401516
P0363,Cooking Oil Pro 363,Grocery,185,582,96181.31999999999,61028.52,35152.799999999996,0.36548469079026985
P0364,Wireless Mouse Essential 364,Electronics,187,585,101427.3,74833.2,26594.099999999995,0.2621986388280078
P0365,Rice Elite 365,Grocery,169,487,4796.95,3355.43,1441.52,0.300507614213198
P0366,Power Bank Max 366,Electronics,182,605,107641.59999999999,81874.65000000001,25766.949999999986,0.23937724820143874
P0367,Cooking Oil Prime 367,Grocery,182,552,19905.120000000003,16245.359999999999,3659.7600000000016,0.18386023294509157
P0368,Chair Max 368,Home & Kitchen,170,443,118201.26,90531.48000000001,27669.779999999995,0.23409039802113782
P0369,Keyboard Elite 369,Electronics,199,701,164433.57,99934.56,64499.009999999995,0.3922496482926205
P0370,Stapler Pro 370,Office Supplies,194,429,15203.759999999998,11192.609999999999,4011.149999999999,0.2638261851015801
P0371,Hair Dryer Pro 371,Personal Care,173,389,83732.25,68697.4,15034.850000000002,0.17955865272938445
P0372,Body Lotion Plus 372,Personal Care,171,392,141551.2,87811.92,53739.28000000001,0.37964552755469405
P0373,Mixer Pro 373,Home & Kitchen,211,575,199691.75,132980.25,66711.5,0.3340723890696536
P0374,Dumbbells Classic 374,Sports & Fitness,189,383,3362.74,2631.21,731.5299999999997,0.21753986332574027
P0375,Coffee Max 375,Grocery,180,540,30115.800000000003,23290.2,6825.599999999999,0.22664514972207275
P0376,Trimmer Prime 376,Personal Care,203,491,146396.56,97340.75,49055.81000000001,0.3350885430641267
P0377,Yoga Mat Plus 377,Sports & Fitness,189,370,64627.899999999994,41055.2,23572.699999999997,0.3647449476155035
P0378,T-Shirt Classic 378,Sports & Fitness,194,397,5359.5,4097.04,1262.4599999999998,0.23555555555555552
P0379,Moisturizer Smart 379,Personal Care,188,479,78771.54999999999,52531.93,26239.619999999995,0.3331103678929766
P0380,Sunscreen Max 380,Personal Care,186,441,133715.61,88252.92,45462.68999999999,0.3399953827380363
P0381,Desk Organizer Prime 381,Office Supplies,173,397,97959.75,73718.93,24240.820000000003,0.24745694022289771
P0382,USB Hub Elite 382,Electronics,184,618,74215.62,56794.200000000004,17421.419999999995,0.23474061120826042
P0383,Keyboard Elite 383,Electronics,181,587,117247.38,82520.46,34726.92,0.2961850405527185
P0384,USB Hub Plus 384,Electronics,208,707,164716.86,106361.08,58355.77999999999,0.35427933728217015
P0385,Moisturizer Smart 385,Personal Care,172,404,48682.0,39911.16,8770.839999999998,0.18016597510373442
P0386,Gym Bag Prime 386,Sports & Fitness,195,421,91357.0,72525.67000000001,18831.329999999994,0.20612903225806445
P0387,Desk Organizer Prime 387,Office Supplies,198,429,11063.91,7992.2699999999995,3071.6400000000003,0.2776269872043428
P0388,File Folder Plus 388,Office Supplies,188,403,60333.130000000005,37156.6,23176.53,0.3841426758399572
P0389,Juice Essential 389,Grocery,194,602,86916.76,69886.18000000001,17030.579999999998,0.1959412661033384
P0390,Sunscreen Smart 390,Personal Care,179,419,112765.47,84474.59000000001,28290.879999999994,0.2508824731542377
P0391,Moisturizer Classic 391,Personal Care,190,473,108326.46,71891.27,36435.19,0.3363461706401188
P0392,Desk Organizer Classic 392,Office Supplies,181,380,42932.4,28496.199999999997,14436.200000000003,0.3362542042839441
P0393,Running Shoes Smart 393,Sports & Fitness,192,371,41518.61,26797.33,14721.279999999999,0.3545706371191135
P0394,Power Bank Prime 394,Electronics,219,710,175043.4,121679.79999999999,53363.600000000006,0.3048592520483492
P0395,Trimmer Max 395,Personal Care,188,483,122005.8,100623.39,21382.409999999993,0.17525732383214562
P0396,Shampoo Max 396,Personal Care,177,392,36659.84,24609.760000000002,12050.079999999998,0.32869974337040203
P0397,Face Wash Elite 397,Personal Care,167,358,124612.64,88676.59999999999,35936.04,0.28838198115375774
P0398,Gym Bag Pro 398,Sports & Fitness,184,387,103530.23999999999,76745.97,26784.26999999999,0.2587096291866028
P0399,Yoga Mat Essential 399,Sports & Fitness,203,436,97145.16,72127.48000000001,25017.68,0.25752883622817646
P0400,Gym Bag Smart 400,Sports & Fitness,196,384,124035.84,92851.20000000001,31184.639999999992,0.2514163648184266
